<!-- run_mod -->
<skin>
	<screen name="InfoBar" backgroundColor="transparent" flags="wfNoBorder" position="0,0" size="1280,723" title="InfoBar">
		<panel name="INFOBARKEYSNONVISIBLE" />
		<panel name="INFOBARSTYLEMODERN" />
		<panel name="CLOCKWIDGET" />
		<panel name="INFOBARWEATHERWIDGET" />
		<widget font="global_large;80" backgroundColor="text-background" foregroundColor="background-text" noWrap="1" position="30,455" render="Label" size="1252,105" source="session.CurrentService" transparent="1" valign="bottom" zPosition="-30">
                <convert type="MetrixHDExtServiceInfo">ServiceNumberAndName</convert>
            </widget>
		<panel name="INFOBARSERVICEINFO" />
		<panel name="INFOBARRECORDSTATE" />
		<panel name="INFOBARRESOLUTION-2" />
		<panel name="INFOBARORBITALPOSITION-2" />
		<panel name="INFOBARSNR-2" />
		<panel name="INFOBARTUNERINFO-1" />
		<panel name="STBINFO" />
		<panel name="INFOBAREXTENDEDINFO" />
		<!-- <panel name="GRIDLINES" /> */ -->
	</screen>
</skin>
