<!-- run_mod -->
<skin>
	<screen name="SecondInfoBar" backgroundColor="transparent" flags="wfNoBorder" position="0,0" size="1280,723" title="SecondInfoBar">
		<panel name="INFOBARKEYSNONVISIBLE" />
		<panel name="INFOBARSTYLEMODERN" />
		<panel name="CLOCKWIDGET" />
		<panel name="INFOBARWEATHERWIDGET" />
		<panel name="INFOBARSERVICEINFO" />
		<panel name="INFOBARRECORDSTATE" />
		<panel name="INFOBARRESOLUTION-2" />
		<panel name="INFOBARORBITALPOSITION-2" />
		<panel name="INFOBARSNR-2" />
		<panel name="INFOBARTUNERINFO-1" />
		<panel name="INFOBAREPGWIDGET" />
		<panel name="STBINFO" />
	</screen>
</skin>
