<!-- run_mod -->
<skin>
	<!-- Templates -->
	<!-- MoviePlayer_1 - standard version -->
	<screen name="MoviePlayer_1">
		<eLabel position="0,570" zPosition="-2" size="1281,150" backgroundColor="infobarbackground" />
		<widget source="session.CurrentService" render="Label" position="150,588" size="892,56" font="infobar_event;40" valign="top" noWrap="1" backgroundColor="infobarbackground" foregroundColor="infobarfont1" transparent="1">
		<convert type="ServiceName">Name</convert>
		</widget>
		<ePixmap pixmap="MetrixHD/icons/ico_dolby_off.png" position="1060,616" size="34,23" zPosition="1" alphatest="blend" />
		<widget source="session.CurrentService" render="Pixmap" pixmap="MetrixHD/icons/ico_dolby_on.png" position="1060,616" size="34,23" zPosition="2" alphatest="blend">
			<convert type="ServiceInfo">IsMultichannel</convert>
			<convert type="ConditionalShowHide" />
		</widget>
			<ePixmap pixmap="MetrixHD/icons/ico_format_off.png" position="1175,616" size="43,26" zPosition="1" alphatest="blend" />
		<widget source="session.CurrentService" render="Pixmap" pixmap="MetrixHD/icons/ico_format_on.png" position="1175,616" size="43,26" zPosition="2" alphatest="blend">
			<convert type="ServiceInfo">IsWidescreen</convert>
			<convert type="ConditionalShowHide" />
		</widget>
		<ePixmap pixmap="MetrixHD/icons/ico_hd_off.png" position="1109,616" size="49,24" zPosition="1" alphatest="blend" />
		<widget source="session.CurrentService" render="Pixmap" pixmap="MetrixHD/icons/ico_hd_on.png" position="1109,616" size="49,24" zPosition="2" alphatest="blend">
			<convert type="ServiceInfo">IsHD</convert>
			<convert type="ConditionalShowHide" />
		</widget>
		<widget source="session.CurrentService" render="Label" font="infobar_text;18" position="1070,580" size="55,25" halign="right" foregroundColor="infobaraccent1" backgroundColor="infobarbackground" transparent="1">
			<convert type="ServiceInfo">VideoWidth</convert>
		</widget>
		<eLabel text="x" font="infobar_text;18" position="1129,580" size="15,25" halign="center" foregroundColor="infobaraccent1" backgroundColor="infobarbackground" transparent="1" />
		<widget source="session.CurrentService" render="Label" font="infobar_text;18" position="1146,580" size="55,25" halign="left" foregroundColor="infobaraccent1" backgroundColor="infobarbackground" transparent="1">
			<convert type="ServiceInfo">VideoHeight</convert>
		</widget>
		<widget source="session.RecordState" render="Pixmap" pixmap="MetrixHD/icons/ico_rec_on.png" position="999,616" size="74,23" zPosition="2" alphatest="blend">
			<convert type="ConditionalShowHide">Blink</convert>
		</widget>
		<widget source="session.CurrentService" render="Label" position="40,658" size="100,28" font="infobar_event;24" halign="right" valign="bottom" backgroundColor="infobarbackground" foregroundColor="infobarfont1" transparent="1">
			<convert type="ServicePosition">Position</convert>
		</widget>
		<widget source="session.CurrentService" render="PositionGauge" position="151,666" size="980,9" transparent="1" zPosition="6">
			<convert type="ServicePosition">Gauge</convert>
		</widget>
		<widget source="session.CurrentService" render="Progress" position="151,668" size="980,5" foregroundColor="infobarprogress" borderWidth="0" transparent="1" zPosition="5">
			<convert type="ServicePosition">Position</convert>
		</widget>
		<widget source="session.CurrentService" render="Label" position="1138,658" size="100,28" font="infobar_event;24" halign="left" valign="bottom" backgroundColor="infobarbackground" foregroundColor="infobarfont1" transparent="1">
			<convert type="ServicePosition">Remaining</convert>
		</widget>
		<widget source="session.CurrentService" render="Label" position="3,588" size="137,56" font="infobar_event;40" halign="right" valign="top" backgroundColor="infobarbackground" transparent="1" foregroundColor="infobaraccent2">
			<convert type="ServicePosition">Length</convert>
		</widget>
		<eLabel name="new eLabel" position="151,670" size="980,1" backgroundColor="infobaraccent1" zPosition="3" />
	</screen>
	<!-- MoviePlayer_2 - infobar style -->
	<screen name="MoviePlayer_2">
		<eLabel position="0,570" zPosition="-2" size="1281,150" backgroundColor="infobarbackground" />
		<ePixmap position="43,595" zPosition="1" size="100,100" alphatest="blend" pixmap="MetrixHD/icons/movie_small.png"/>
		<widget source="session.CurrentService" render="Label" position="187,568" size="930,56" font="infobar_event;40" valign="top" noWrap="1" backgroundColor="infobarbackground" transparent="1">
			<convert type="ServiceName">Name</convert>
		</widget>
		<eLabel backgroundColor="infobaraccent1" position="188,625" size="1050,1" zPosition="3"/>
		<widget source="session.CurrentService" render="PositionGauge" position="188,621" size="1050,9" zPosition="6" transparent="1">
			<convert type="ServicePosition">Gauge</convert>
		</widget>
		<widget source="session.CurrentService" render="Progress" position="188,623" size="1050,5" foregroundColor="infobarprogress" borderWidth="0" transparent="1" zPosition="5">
			<convert type="ServicePosition">Position</convert>
		</widget>
		<widget source="session.CurrentService" render="Label" position="1041,568" size="200,56" font="infobar_event;40" halign="right" valign="top" backgroundColor="infobarbackground" transparent="1" foregroundColor="infobaraccent2">
			<convert type="ServicePosition">Length</convert>
		</widget>
		<widget source="session.CurrentService" render="Label" position="187,630" size="100,28" font="infobar_text;20" halign="left" valign="center" backgroundColor="infobarbackground" foregroundColor="infobarfont1" transparent="1">
			<convert type="ServicePosition">Position</convert>
		</widget>
		<widget source="session.CurrentService" render="Label" position="1139,630" size="100,28" font="infobar_text;20" halign="right" valign="center" backgroundColor="infobarbackground" foregroundColor="infobarfont1" transparent="1">
			<convert type="ServicePosition">Remaining,Negate</convert>
		</widget>
		<panel name="SERVICEICONSMOVIEPLAYER" />
		<panel name="RESOLUTIONMOVIEPLAYER" />
	</screen>
	<!-- MoviePlayer_3 - small style -->
	<screen name="MoviePlayer_3">
		<eLabel position="0,640" zPosition="-2" size="1281,80" backgroundColor="infobarbackground" />
		<eLabel backgroundColor="infobaraccent1" position="110,683" size="796,1" zPosition="3"/>
		<widget source="session.CurrentService" render="PositionGauge" position="110,679" size="796,9" zPosition="6" transparent="1">
			<convert type="ServicePosition">Gauge</convert>
		</widget>
		<widget source="session.CurrentService" render="Progress" position="110,681" size="796,5" foregroundColor="infobarprogress" borderWidth="0" transparent="1" zPosition="5">
			<convert type="ServicePosition">Position</convert>
		</widget>
		<widget source="session.CurrentService" render="Label" position="110,644" size="796,30" font="infobar_event;24" halign="center" valign="top" backgroundColor="infobarbackground" transparent="1" foregroundColor="infobaraccent2">
			<convert type="ServicePosition">Length</convert>
		</widget>
		<widget source="session.CurrentService" render="Label" position="15,669" size="75,28" font="infobar_text;20" halign="right" valign="bottom" backgroundColor="infobarbackground" foregroundColor="infobarfont1" transparent="1">
			<convert type="ServicePosition">Position</convert>
		</widget>
		<widget source="session.CurrentService" render="Label" position="926,669" size="75,28" font="infobar_text;20" halign="left" valign="bottom" backgroundColor="infobarbackground" foregroundColor="infobarfont1" transparent="1">
			<convert type="ServicePosition">Remaining,Negate</convert>
		</widget>
		<widget source="session.CurrentService" render="Label" position="1078,644" size="60,26" font="infobar_text;16" halign="right" valign="top" backgroundColor="infobarbackground" foregroundColor="infobaraccent1" transparent="1">
			<convert type="ServiceInfo">VideoWidth</convert>
		</widget>
		<eLabel text="x" position="1142,644" size="16,26" font="infobar_text;16" halign="center" valign="top" backgroundColor="infobarbackground" foregroundColor="infobaraccent1" transparent="1" />
		<widget source="session.CurrentService" render="Label" position="1160,644" size="60,26" font="infobar_text;16" halign="left" valign="top" backgroundColor="infobarbackground" foregroundColor="infobaraccent1" transparent="1">
			<convert type="ServiceInfo">VideoHeight</convert>
		</widget>
		<panel name="SERVICEICONSMOVIEPLAYER" />
	</screen>
	<!-- MoviePlayer_1-3 - start - endtime -->
	<screen name="MoviePlayer_1_time">
		<widget source="session.CurrentService" render="Label" backgroundColor="infobarbackground" foregroundColor="infobaraccent1" font="infobar_text; 22" halign="right" position="566,674" size="60,30" transparent="1">
			<convert type="MetrixHDServiceTime">StartTime</convert>
		</widget>
		<eLabel backgroundColor="infobarbackground" foregroundColor="infobaraccent1" font="infobar_text; 22" halign="center" position="628,674" size="20,30" text="-" transparent="1"/>
		<widget source="session.CurrentService" render="Label" backgroundColor="infobarbackground" foregroundColor="infobaraccent1" font="infobar_text; 22" halign="left" position="648,674" size="60,30" transparent="1">
			<convert type="MetrixHDServiceTime">EndTime</convert>
		</widget>
	</screen>
	<screen name="MoviePlayer_2_time">
		<widget source="session.CurrentService" render="Label" backgroundColor="infobarbackground" foregroundColor="infobaraccent1" font="infobar_text; 20" halign="right" position="644,630" size="60,30" transparent="1">
			<convert type="MetrixHDServiceTime">StartTime</convert>
		</widget>
		<eLabel backgroundColor="infobarbackground" foregroundColor="infobaraccent1" font="infobar_text; 20" halign="center" position="706,630" size="20,30" text="-" transparent="1"/>
		<widget source="session.CurrentService" render="Label" backgroundColor="infobarbackground" foregroundColor="infobaraccent1" font="infobar_text; 20" halign="left" position="726,630" size="60,30" transparent="1">
			<convert type="MetrixHDServiceTime">EndTime</convert>
		</widget>
	</screen>
	<screen name="MoviePlayer_3_time">
		<widget source="session.CurrentService" render="Label" backgroundColor="infobarbackground" foregroundColor="infobaraccent2" font="infobar_text; 20" halign="right" position="440,686" size="60,30" transparent="1">
			<convert type="MetrixHDServiceTime">StartTime</convert>
		</widget>
		<eLabel backgroundColor="infobarbackground" foregroundColor="infobaraccent2" font="infobar_text; 20" halign="center" position="502,686" size="20,30" text="-" transparent="1"/>
		<widget source="session.CurrentService" render="Label" backgroundColor="infobarbackground" foregroundColor="infobaraccent2" font="infobar_text; 20" halign="left" position="522,686" size="60,30" transparent="1">
			<convert type="MetrixHDServiceTime">EndTime</convert>
		</widget>
	</screen>
	<!-- Templates -->
	<!-- Default Movie Center -->
	<screen name="MovieSelection" position="0,0" size="1280,720" title="Select a movie" flags="wfNoBorder" backgroundColor="transparent">
		<eLabel text="Movie Center" position="70,47" size="525,50" font="global_title; 35" foregroundColor="layer-a-title-foreground" backgroundColor="layer-a-background" transparent="1" />
		<widget name="list" position="70,130" size="700,480" scrollbarMode="showOnDemand" font="epg_text;20" itemHeight="30" backgroundColor="layer-a-background" foregroundColor="layer-a-foreground" backgroundColorSelected="layer-a-selection-background" foregroundColorSelected="layer-a-selection-foreground" transparent="1" />
	<widget name="waitingtext" position="70,300" size="700,30" zPosition="1" font="epg_text;24" backgroundColor="layer-a-background" foregroundColor="layer-a-foreground" halign="center" valign="center" transparent="1"/>
		<widget name="freeDiskSpace" position="70,95" size="700,26" font="epg_text;22" valign="center" halign="left" backgroundColor="layer-a-background" foregroundColor="layer-a-foreground" transparent="1" />
		<widget source="Service" render="Label" position="825,90" noWrap="1" size="385,30" font="epg_text;22" backgroundColor="layer-b-background" foregroundColor="layer-b-foreground" transparent="1">
			<convert type="MovieInfo">ShortDescription</convert>
		</widget>
		<widget source="Service" render="Label" position="825,128" size="385,24" font="epg_text;19" backgroundColor="layer-b-background" foregroundColor="layer-b-foreground" transparent="1">
			<convert type="MovieInfo">RecordServiceName</convert>
		</widget>
		<widget source="Service" render="Label" position="825,165" size="385,375" font="epg_info;19" backgroundColor="layer-b-background" foregroundColor="layer-b-foreground" transparent="1" valign="top">
			<convert type="EventName">ExtendedDescription</convert>
		</widget>
		<widget source="Service" render="Label" position="825,557" size="80,24" font="epg_text;20" halign="left" backgroundColor="layer-b-background" foregroundColor="layer-b-foreground" transparent="1">
			<convert type="ServiceTime">Duration</convert>
			<convert type="ClockToText">AsLength</convert>
		</widget>
		<widget source="Service" render="Label" position="1010,557" size="200,24" font="epg_text;20" halign="right" backgroundColor="layer-b-background" foregroundColor="layer-b-foreground" transparent="1">
			<convert type="MovieInfo">FileSize</convert>
		</widget>
			<panel name="template1_2layer" />
		<panel name="rgyb-buttons_template1" />
		<panel name="rgyb-keys_template1-source" />
		<panel name="ime-buttons_template1" />
	</screen>
	<!-- MoviePlayer -->
	<screen name="MoviePlayer" position="0,0" size="1280,720" title="InfoBar" flags="wfNoBorder" backgroundColor="transparent">
		<panel name="MoviePlayer_1" />
		<panel name="MoviePlayer_1_time" />
		<panel name="CLOCKWIDGET" />
		<panel name="INFOBARWEATHERWIDGET" />
		<widget font="global_large;80" backgroundColor="text-background" foregroundColor="background-text" noWrap="1" position="30,465" render="Label" size="1252,105" source="session.CurrentService" transparent="1" valign="bottom" zPosition="-30">
                <convert type="MetrixHDExtServiceInfo">ServiceName</convert>
            </widget>
		<panel name="COLORGRADIENT_Bottom" />
		<!--panel name="STBINFOMOVIEPLAYER" /-->
		<!--panel name="STBINFO" /-->
	</screen>
</skin>
