<keymap>
	<map context="TURKvodPlayerPlaylis">
		<key id="KEY_OK" 			mapto="KEY_OK" flags="m" />
		<key id="KEY_POWER" 		mapto="KEY_POWER" flags="m" />					
		<key id="KEY_RED" 			mapto="KEY_RED" flags="m" />
		<key id="KEY_YELLOW" 		mapto="KEY_YELLOW" flags="m" />
		<key id="KEY_PLAY" 			mapto="KEY_PLAY" flags="m" />
		<key id="KEY_PLAYPAUSE" 	mapto="KEY_PLAYPAUSE" flags="m" />
		<key id="KEY_GREEN" 		mapto="KEY_GREEN" flags="b" />
		<key id="KEY_GREEN" 		mapto="KEY_GREEN_UZUN" flags="l" />
		<key id="KEY_BLUE" 			mapto="KEY_BLUE" flags="m" />
		<key id="KEY_CHANNELUP" 	mapto="KEY_CHANNELUP" flags="m" />
		<key id="KEY_CHANNELDOWN" 	mapto="KEY_CHANNELDOWN" flags="m" />
		<key id="KEY_EXIT" 			mapto="KEY_EXIT_UZUN" flags="l" />
		<key id="KEY_EXIT" 			mapto="KEY_EXIT" flags="b" />
		<key id="KEY_ESC" 			mapto="KEY_ESC" flags="m" />
		<key id="KEY_INFO" 			mapto="KEY_INFO" flags="b" />
		<key id="KEY_INFO" 			mapto="KEY_INFO_UZUN" flags="l" />
		<key id="KEY_STOP" 			mapto="KEY_STOP" flags="m" />
		<key id="KEY_NEXT" 			mapto="KEY_NEXT" flags="m" />
		<key id="KEY_PREVIOUS" 		mapto="KEY_PREVIOUS" flags="m" />
		<key id="KEY_MENU" 			mapto="KEY_MENU" flags="m" />
		<key id="KEY_TV" 			mapto="KEY_TV" flags="m" />
		<key id="KEY_TEXT"          mapto="KEY_TEXT" flags="m" />
		<key id="KEY_SUBTITLE" 		mapto="KEY_SUBTITLE" flags="m" />
		<key id="KEY_UP"            mapto="KEY_UP" flags="m" />
		<key id="KEY_DOWN"          mapto="KEY_DOWN" flags="m" />
		<key id="KEY_AUDIO" 		mapto="KEY_AUDIO" flags="m" />
		<key id="KEY_VIDEO" 		mapto="KEY_VIDEO" flags="m" />				
		<key id="KEY_1"             mapto="1" flags="m" />
		<key id="KEY_2"             mapto="2" flags="m" />
		<key id="KEY_3"             mapto="3" flags="m" />
		<key id="KEY_4"             mapto="4" flags="m" />
		<key id="KEY_5"             mapto="5" flags="m" />
		<key id="KEY_6"             mapto="6" flags="m" />
		<key id="KEY_7"             mapto="7" flags="m" />
		<key id="KEY_8"             mapto="8" flags="m" />
		<key id="KEY_9"             mapto="9" flags="m" />
		<key id="KEY_0"             mapto="0" flags="m" />		
	</map>		

	<map context="TURKvodPlayerVod">
		<key id="KEY_OK" 			mapto="KEY_OK" flags="m" />
		<key id="KEY_POWER" 		mapto="KEY_POWER" flags="m" />					
		<key id="KEY_RED" 			mapto="KEY_RED" flags="m" />
		<key id="KEY_YELLOW" 		mapto="KEY_YELLOW" flags="m" />
		<key id="KEY_PLAY" 			mapto="KEY_PLAY" flags="m" />
		<key id="KEY_PLAYPAUSE" 	mapto="KEY_PLAYPAUSE" flags="m" />
		<key id="KEY_GREEN" 		mapto="KEY_GREEN" flags="b" />
		<key id="KEY_GREEN" 		mapto="KEY_GREEN_UZUN" flags="l" />
		<key id="KEY_BLUE" 			mapto="KEY_BLUE" flags="m" />
		<key id="KEY_CHANNELUP" 	mapto="KEY_CHANNELUP" flags="m" />
		<key id="KEY_CHANNELDOWN" 	mapto="KEY_CHANNELDOWN" flags="m" />
		<key id="KEY_EXIT" 			mapto="KEY_EXIT" flags="m" />
		<key id="KEY_ESC" 			mapto="KEY_ESC" flags="m" />
		<key id="KEY_INFO" 			mapto="KEY_INFO" flags="b" />
		<key id="KEY_INFO" 			mapto="KEY_INFO_UZUN" flags="l" />
		<key id="KEY_STOP" 			mapto="KEY_STOP" flags="m" />
		<key id="KEY_NEXT" 			mapto="KEY_NEXT" flags="m" />
		<key id="KEY_PREVIOUS" 		mapto="KEY_PREVIOUS" flags="m" />
		<key id="KEY_MENU" 			mapto="KEY_MENU" flags="m" />
		<key id="KEY_TV" 			mapto="KEY_TV" flags="m" />
		<key id="KEY_TEXT"          mapto="KEY_TEXT" flags="m" />
		<key id="KEY_SUBTITLE" 		mapto="KEY_SUBTITLE" flags="m" />
		<key id="KEY_UP"            mapto="KEY_UP" flags="m" />
		<key id="KEY_DOWN"          mapto="KEY_DOWN" flags="m" />
		<key id="KEY_AUDIO" 		mapto="KEY_AUDIO" flags="m" />
		<key id="KEY_VIDEO" 		mapto="KEY_VIDEO" flags="m" />
		<key id="KEY_VIDEO" 		mapto="KEY_VIDEO_UZUN" flags="l" />			
		<key id="KEY_1"             mapto="1" flags="m" />
		<key id="KEY_2"             mapto="2" flags="m" />
		<key id="KEY_3"             mapto="3" flags="m" />
		<key id="KEY_4"             mapto="4" flags="m" />
		<key id="KEY_5"             mapto="5" flags="m" />
		<key id="KEY_6"             mapto="6" flags="m" />
		<key id="KEY_7"             mapto="7" flags="m" />
		<key id="KEY_8"             mapto="8" flags="m" />
		<key id="KEY_9"             mapto="9" flags="m" />
		<key id="KEY_0"             mapto="0" flags="m" />	
	</map>

	<map context="turkvod">
		<key id="KEY_LEFT" mapto="left" flags="m" />
		<key id="KEY_RIGHT" mapto="right" flags="m" />
		<key id="KEY_UP" mapto="up" flags="m" />
		<key id="KEY_DOWN" mapto="down" flags="m" />
		<key id="KEY_OK" mapto="ok" flags="m" />
		<key id="KEY_EXIT" mapto="back" flags="m" />
		<key id="KEY_ESC" mapto="back" flags="m" />	
		<key id="KEY_RED" mapto="red" flags="m" />
		<key id="KEY_GREEN" mapto="green" flags="m" />
		<key id="KEY_YELLOW" mapto="yellow" flags="m" />
		<key id="KEY_BLUE" mapto="blue" flags="m" />
		<key id="KEY_INFO" mapto="showEPGList" flags="m" />
		<key id="KEY_CHANNELUP" mapto="channelPlus" flags="m" />
		<key id="KEY_CHANNELDOWN" mapto="channelMinus" flags="m" />
		<key id="KEY_MENU" mapto="menu" flags="m" />
		<key id="KEY_PAUSE" mapto="pauseService" flags="m" />
		<key id="KEY_PLAY" mapto="playpauseService" flags="m" />
		<key id="KEY_REWIND" mapto="rewind" flags="m" />
		<key id="KEY_FASTFORWARD" mapto="fforward" flags="m" />
		<key id="KEY_NEXT" mapto="next" flags="m" />
		<key id="KEY_PREVIOUS" mapto="previous" flags="m" />
		<key id="KEY_POWER" mapto="power" flags="m" />
		<key id="KEY_HELP" mapto="help" flags="m" />
		<key id="KEY_STOP" mapto="agingfinish" flags="m" />
		<key id="KEY_AUDIO" mapto="audioSelection" flags="m" />
		<key id="KEY_1"             mapto="1" flags="m" />
		<key id="KEY_2"             mapto="2" flags="m" />
		<key id="KEY_3"             mapto="3" flags="m" />
		<key id="KEY_4"             mapto="4" flags="m" />
		<key id="KEY_5"             mapto="5" flags="m" />
		<key id="KEY_6"             mapto="6" flags="m" />
		<key id="KEY_7"             mapto="7" flags="m" />
		<key id="KEY_8"             mapto="8" flags="m" />
		<key id="KEY_9"             mapto="9" flags="m" />
		<key id="KEY_0"             mapto="0" flags="m" />			
	</map>

	
</keymap>