<?xml version="1.0" encoding="utf-8" ?>
<items>
    <playlist_name><![CDATA[LOKAL LIST]]></playlist_name>

	<channel>      
	<title><![CDATA[TURKvod.NET]]></title> 
	<description></description> 
	<playlist_url><![CDATA[http://turkvod.net/46/]]></playlist_url>  
	</channel>

	<channel>      
	<title><![CDATA[TURKvod.PRN]]></title> 
	<description></description> 
	<playlist_url><![CDATA[http://turkvod.net/46/vodprn/t_modul.php?grup=prn]]></playlist_url>  
	<protected>True</protected>	
	</channel>
	
</items>