<?xml version="1.0" encoding="UTF-8" ?>
<items>
<playlist_name><![CDATA[FAVORILERIM]]></playlist_name>

	        <channel>
	            <title><![CDATA[Marslı - TURKCE - 1080p tek part load]]></title> 
	            <logo_30x30><![CDATA[]]></logo_30x30>
	            <description><![CDATA[<img src="http://www.hdfilmcehennemi.com/wp-content/uploads/marslı-onu-geri-getirin-izle-125x160.jpg"/>]]></description>
	            <playlist_url><![CDATA[http://www.turkvod.net/46/modul/modul.php?site=hdfilmcehennemi&tur=s&url=http%3A%2F%2Fwww.hdfilmcehennemi.com%2Fmarsli-izle%2F&title=+tek+part+load]]></playlist_url> 
	        </channel>
	        <channel>
	            <title><![CDATA[Marslı - TURKCE - 1080p tek part vidag]]></title> 
	            <logo_30x30><![CDATA[]]></logo_30x30>
	            <description><![CDATA[<img src="http://www.hdfilmcehennemi.com/wp-content/uploads/marslı-onu-geri-getirin-izle-125x160.jpg"/>]]></description>
	            <playlist_url><![CDATA[http://www.turkvod.net/46/modul/modul.php?site=hdfilmcehennemi&tur=s&url=http%3A%2F%2Fwww.hdfilmcehennemi.com%2Fmarsli-izle%2F3%2F&title=+tek+part+kota+dostu]]></playlist_url> 
	        </channel>
	        <channel>
	            <title><![CDATA[Marslı - TURKCE - 1080p tek part mega]]></title> 
	            <logo_30x30><![CDATA[]]></logo_30x30>
	            <description><![CDATA[<img src="http://www.hdfilmcehennemi.com/wp-content/uploads/marslı-onu-geri-getirin-izle-125x160.jpg"/>]]></description>
	            <playlist_url><![CDATA[http://www.turkvod.net/46/modul/modul.php?site=hdfilmcehennemi&tur=s&url=http%3A%2F%2Fwww.hdfilmcehennemi.com%2Fmarsli-izle%2F4%2F&title=+tek+part+mega]]></playlist_url> 
	        </channel>
	        <channel>
	            <title><![CDATA[Marslı - TURKCE - 1080p tek part mail.ru]]></title> 
	            <logo_30x30><![CDATA[]]></logo_30x30>
	            <description><![CDATA[<img src="http://www.hdfilmcehennemi.com/wp-content/uploads/marslı-onu-geri-getirin-izle-125x160.jpg"/>]]></description>
	            <playlist_url><![CDATA[http://www.turkvod.net/46/modul/modul.php?site=hdfilmcehennemi&tur=s&url=http%3A%2F%2Fwww.hdfilmcehennemi.com%2Fmarsli-izle%2F5%2F&title=+tek+part+mail.ru]]></playlist_url> 
	        </channel>
	        <channel>
	            <title><![CDATA[Marslı - TURKCE - 1080p Altyazılı]]></title> 
	            <logo_30x30><![CDATA[]]></logo_30x30>
	            <description><![CDATA[<img src="http://www.hdfilmcehennemi.com/wp-content/uploads/marslı-onu-geri-getirin-izle-125x160.jpg"/>]]></description>
	            <playlist_url><![CDATA[http://www.turkvod.net/46/modul/modul.php?site=hdfilmcehennemi&tur=s&url=http%3A%2F%2Fwww.hdfilmcehennemi.com%2Fmarsli-izle%2F6%2F&title=+Altyaz%C4%B1l%C4%B1]]></playlist_url> 
	        </channel>
	        <channel>
	            <title><![CDATA[Marslı - TURKCE - 1080p 3D]]></title> 
	            <logo_30x30><![CDATA[]]></logo_30x30>
	            <description><![CDATA[<img src="http://www.hdfilmcehennemi.com/wp-content/uploads/marslı-onu-geri-getirin-izle-125x160.jpg"/>]]></description>
	            <playlist_url><![CDATA[http://www.turkvod.net/46/modul/modul.php?site=hdfilmcehennemi&tur=s&url=http%3A%2F%2Fwww.hdfilmcehennemi.com%2Fmarsli-izle%2F7%2F&title=+3D]]></playlist_url> 
	        </channel>
	        <channel>
	            <title><![CDATA[Marslı - TURKCE - 1080p FRAGMAN]]></title> 
	            <logo_30x30><![CDATA[]]></logo_30x30>
	            <description><![CDATA[<img src="http://www.hdfilmcehennemi.com/wp-content/uploads/marslı-onu-geri-getirin-izle-125x160.jpg"/>]]></description>
	            <playlist_url><![CDATA[http://www.turkvod.net/46/modul/modul.php?site=hdfilmcehennemi&tur=s&url=http%3A%2F%2Fwww.hdfilmcehennemi.com%2Fmarsli-izle%2F8%2F&title=+FRAGMAN]]></playlist_url> 
	        </channel>			
</items>
