﻿<?xml version="1.0"?>
<stream>

<mp3>
	<name>Ahmad-Alajamy-أحمد العجمي</name>
	<icon>Ahmad-Alajamy.png</icon>
	<type>rtsp:4097:512</type>
	<uri> http://archive.org/download/Ahmed_Al-Ajmi_Quran/</uri>
</mp3>


<mp3>
	<name>Maher-Almuaiqly-ماهر المعيقلي</name>
	<icon>Maher-Almuaiqly.png</icon>
	<type>rtsp:4097:512</type>
	<uri> http://archive.org/download/Maher_Al-Muaiqly_Quran/</uri>
</mp3>

<mp3>
	<name>Saad-Alghamdi-سعد الغامدي</name>
	<icon>Saad-Alghamdi.png</icon>
	<type>rtsp:4097:512</type>
	<uri> http://archive.org/download/Saad_Alghamdi_Quran/</uri>
</mp3>

<mp3>
	<name>Mishary-Alafasy-مشاري العفاسي</name>
	<icon>Mishary-Alafasy.png</icon>
	<type>rtsp:4097:512</type>
	<uri> http://archive.org/download/Mishary__Alafasy/</uri>
</mp3>

<mp3>
	<name>Abdulbasit-عبد الباسط  - مجود</name>
	<icon>Abdulbasit.png</icon>
	<type>rtsp:4097:512</type>
	<uri> http://archive.org/download/Abdulbasit-Abdulsamad/</uri>
</mp3>


<mp3>
	<name>Hani-Alrefai-هاني الرفاعي</name>
	<icon>Hani-Alrefai.png</icon>
	<type>rtsp:4097:512</type>
	<uri> http://archive.org/download/Hani_Arrifai/</uri>
</mp3>


<mp3>
	<name>Alqari-Yassen-ياسين الجزائري</name>
	<icon>Alqari-Yassen.png</icon>
	<type>rtsp:4097:512</type>
	<uri> http://archive.org/download/Yassine_El-Jazaery-Warsh_MoroccoVoice/</uri>
</mp3>

<mp3>
	<name>Abdulrahman-Alsudais-عبد الرحمن السديس</name>
	<icon>Abdulrahman-Alsudais.png</icon>
	<type>rtsp:4097:512</type>
	<uri> http://archive.org/download/Abdulrahman__Alsudais/</uri>
</mp3>


<mp3>
	<name>Mohammad-Minshawi-محمد صديق المنشاوي</name>
	<icon>Mohammad-Minshawi.png</icon>
	<type>rtsp:4097:512</type>
	<uri> http://archive.org/download/Al-Minshawy_Muratal_Quran/</uri>
</mp3>

<mp3>
	<name>Khalid-Jalil-خالد الجليل</name>
	<icon>Khalid-Jalil.png</icon>
	<type>rtsp:4097:512</type>
	<uri> http://archive.org/download/kaled_jalil/</uri>
</mp3>


</stream>
