﻿<?xml version="1.0"?>
<stream>

<mp3>
	<name>1-Al-Fatiha_سورة الفاتحة</name>
	<icon>quran.png</icon>
	<type>rtsp:4097:512</type>
	<uri> 001.mp3 </uri>
</mp3>


<mp3>
	<name>2-Bakara Suresi-سورة البقرة</name>
	<icon>quran.png</icon>
	<type>rtsp:4097:512</type>
	<uri> 002.mp3 </uri>
</mp3>

<mp3>
	<name>3-İmran Suresi_سورة آل عمران</name>
	<icon>quran.png</icon>
	<type>rtsp:4097:512</type>
	<uri> 003.mp3</uri>
</mp3>

<mp3>
	<name>4-Nisa Suresi_سورة النساء</name>
	<icon>quran.png</icon>
	<type>rtsp:4097:512</type>
	<uri> 004.mp3</uri>
</mp3>

<mp3>
	<name>5-Maide Suresi-سورة المائدة</name>
	<icon>quran.png</icon>
	<type>rtsp:4097:512</type>
	<uri> 005.mp3</uri>
</mp3>


<mp3>
	<name>6-Al-An'am Suresi_سورة الأنعام</name>
	<icon>quran.png</icon>
	<type>rtsp:4097:512</type>
	<uri> 006.mp3</uri>
</mp3>


<mp3>
	<name>7-Âraf Suresi_سورة الأعراف</name>
	<icon>quran.png</icon>
	<type>rtsp:4097:512</type>
	<uri> 007.mp3</uri>
</mp3>

<mp3>
	<name>8-Enfal Suresi_سورة الأنفال</name>
	<icon>quran.png</icon>
	<type>rtsp:4097:512</type>
	<uri> 008.mp3</uri>
</mp3>


<mp3>
	<name>9-Sure Tevbe_سورة التوبة</name>
	<icon>quran.png</icon>
	<type>rtsp:4097:512</type>
	<uri> 009.mp3</uri>
</mp3>

<mp3>
	<name>10-Yunus Suresi _سورة يونس</name>
	<icon>quran.png</icon>
	<type>rtsp:4097:512</type>
	<uri> 010.mp3</uri>
</mp3>

<mp3>
	<name>11-Hûd Sûresi_سورة هود</name>
	<icon>quran.png</icon>
	<type>rtsp:4097:512</type>
	<uri> 011.mp3</uri>
</mp3>

<mp3>
	<name>12-Yûsuf Sûresi_سورة يوسف</name>
	<icon>quran.png</icon>
	<type>rtsp:4097:512</type>
	<uri> 012.mp3</uri>
</mp3>

<mp3>
	<name>13-Rad Suresi_سورة الرعد</name>
	<icon>quran.png</icon>
	<type>rtsp:4097:512</type>
	<uri> 013.mp3</uri>
</mp3>

<mp3>
	<name>14-İbrahim Suresi_سورة إبراهيم</name>
	<icon>quran.png</icon>
	<type>rtsp:4097:512</type>
	<uri> 014.mp3</uri>
</mp3>

<mp3>
	<name>15-Hicr Sûresi_سورة الحجر</name>
	<icon>quran.png</icon>
	<type>rtsp:4097:512</type>
	<uri> 015.mp3</uri>
</mp3>

<mp3>
	<name>16-NAHL SÛRESİ_سورة النحل</name>
	<icon>quran.png</icon>
	<type>rtsp:4097:512</type>
	<uri> 016.mp3</uri>
</mp3>

<mp3>
	<name>17-İsra Suresi_سورة الإسراء</name>
	<icon>quran.png</icon>
	<type>rtsp:4097:512</type>
	<uri> 017.mp3</uri>
</mp3>

<mp3>
	<name>18-Kehf Sûresi_سورة الكهف</name>
	<icon>quran.png</icon>
	<type>rtsp:4097:512</type>
	<uri> 018.mp3</uri>
</mp3>

<mp3>
	<name>19-Meryem Suresi_سورة مريم</name>
	<icon>quran.png</icon>
	<type>rtsp:4097:512</type>
	<uri> 019.mp3</uri>
</mp3>

<mp3>
	<name>20-Tâhâ Sûresi_سورة طه</name>
	<icon>quran.png</icon>
	<type>rtsp:4097:512</type>
	<uri> 020.mp3</uri>
</mp3>

<mp3>
	<name>21-Enbiya Suresiسورة الأنبياء</name>
	<icon>quran.png</icon>
	<type>rtsp:4097:512</type>
	<uri> 021.mp3</uri>
</mp3>

<mp3>
	<name>22-Hac Sûresi_سورة الحج</name>
	<icon>quran.png</icon>
	<type>rtsp:4097:512</type>
	<uri> 022.mp3</uri>
</mp3>

<mp3>
	<name>23-Mü'minun Suresi_سورة المؤمنون</name>
	<icon>quran.png</icon>
	<type>rtsp:4097:512</type>
	<uri> 023.mp3</uri>
</mp3>

<mp3>
	<name>24-Nûr Sûresiسورة النور</name>
	<icon>quran.png</icon>
	<type>rtsp:4097:512</type>
	<uri> 024.mp3</uri>
</mp3>

<mp3>
	<name>25 - Furkan Suresi_سورة الفرقان</name>
	<icon>quran.png</icon>
	<type>rtsp:4097:512</type>
	<uri> 025.mp3</uri>
</mp3>

<mp3>
	<name>26-Şu'ara Suresi_سورة الشعراء</name>
	<icon>quran.png</icon>
	<type>rtsp:4097:512</type>
	<uri> 026.mp3</uri>
</mp3>

<mp3>
	<name>27-Neml Sûresi_سورة النمل</name>
	<icon>quran.png</icon>
	<type>rtsp:4097:512</type>
	<uri> 027.mp3</uri>
</mp3>

<mp3>
	<name>28-Kasas Suresi_سورة القصص</name>
	<icon>quran.png</icon>
	<type>rtsp:4097:512</type>
	<uri> 028.mp3</uri>
</mp3>

<mp3>
	<name>29-Ankebût Sûresi_سورة العنكبوت</name>
	<icon>quran.png</icon>
	<type>rtsp:4097:512</type>
	<uri> 029.mp3</uri>
</mp3>

<mp3>
	<name>30-Rûm Sûresi_سورة الروم</name>
	<icon>quran.png</icon>
	<type>rtsp:4097:512</type>
	<uri> 030.mp3</uri>
</mp3>

<mp3>
	<name>31-Lokman Suresi_سورة لقمان</name>
	<icon>quran.png</icon>
	<type>rtsp:4097:512</type>
	<uri> 031.mp3</uri>
</mp3>

<mp3>
	<name>32-Secde Suresi_سورة السجدة</name>
	<icon>quran.png</icon>
	<type>rtsp:4097:512</type>
	<uri> 032.mp3</uri>
</mp3>

<mp3>
	 <name>33-AHZÂB SÛRESİ_سورة الأحزاب</name>
	<icon>quran.png</icon>
	<type>rtsp:4097:512</type>
	<uri> 033.mp3</uri>
</mp3>

<mp3>
	<name>34-Sebe'Suresi_سورة سبأ</name>
	<icon>quran.png</icon>
	<type>rtsp:4097:512</type>
	<uri> 034.mp3</uri>
</mp3>

<mp3>
	<name>35-Fâtır Suresi_سورة فاطر</name>
	<icon>quran.png</icon>
	<type>rtsp:4097:512</type>
	<uri> 035.mp3</uri>
</mp3>

<mp3>
	<name>36-Yasin Suresi_سورة يس</name>
	<icon>quran.png</icon>
	<type>rtsp:4097:512</type>
	<uri> 036.mp3</uri>
</mp3>

<mp3>
	<name>37-Saffat Suresi_سورة الصافات</name>
	<icon>quran.png</icon>
	<type>rtsp:4097:512</type>
	<uri> 037.mp3</uri>
</mp3>

<mp3>
	<name>38-Sad Suresi_سورة ص</name>
	<icon>quran.png</icon>
	<type>rtsp:4097:512</type>
	<uri> 038.mp3</uri>
</mp3>

<mp3>
	<name>39-Sure Zümer_سورة الزمر</name>
	<icon>quran.png</icon>
	<type>rtsp:4097:512</type>
	<uri> 039.mp3</uri>
</mp3>

<mp3>
	<name>40-Mü'min Suresi_سورة غافر</name>
	<icon>quran.png</icon>
	<type>rtsp:4097:512</type>
	<uri> 040.mp3</uri>
</mp3>

<mp3>
	<name>41-Fussilet Sûresi_سورة فصلت</name>
	<icon>quran.png</icon>
	<type>rtsp:4097:512</type>
	<uri> 041.mp3</uri>
</mp3>

<mp3>
	<name>42-Şûrâ suresi_سورة الشورى</name>
	<icon>quran.png</icon>
	<type>rtsp:4097:512</type>
	<uri> 042.mp3</uri>
</mp3>

<mp3>
	<name>43-Zuhruf Sûresi_سورة الزخرف</name>
	<icon>quran.png</icon>
	<type>rtsp:4097:512</type>
	<uri> 043.mp3</uri>
</mp3>

<mp3>
	<name>44-Duhan Suresi_سورة الدخان</name>
	<icon>quran.png</icon>
	<type>rtsp:4097:512</type>
	<uri> 044.mp3</uri>
</mp3>

<mp3>
	<name>45-CÂSİYE SÛRESİ_سورة الجاثية</name>
	<icon>quran.png</icon>
	<type>rtsp:4097:512</type>
	<uri> 045.mp3</uri>
</mp3>

<mp3>
	<name>46-AHKAF SÛRESİ_سورة الأحقاف</name>
	<icon>quran.png</icon>
	<type>rtsp:4097:512</type>
	<uri> 046.mp3</uri>
</mp3>

<mp3>
	<name>47-Muhammad Suresi_سورة محمد</name>
	<icon>quran.png</icon>
	<type>rtsp:4097:512</type>
	<uri> 047.mp3</uri>
</mp3>

<mp3>
	<name>48-Fetih Suresi_سورة الفتح</name>
	<icon>quran.png</icon>
	<type>rtsp:4097:512</type>
	<uri> 048.mp3</uri>
</mp3>

<mp3>
	<name>49-Hucurât Sûresi_سورة الحجرات</name>
	<icon>quran.png</icon>
	<type>rtsp:4097:512</type>
	<uri> 049.mp3</uri>
</mp3>

<mp3>
	<name>50-Kaf Suresi_سورة ق</name>
	<icon>quran.png</icon>
	<type>rtsp:4097:512</type>
	<uri> 050.mp3</uri>
</mp3>

<mp3>
	<name>51-ZÂRİYÂT suresi_سورة الذاريات</name>
	<icon>quran.png</icon>
	<type>rtsp:4097:512</type>
	<uri> 051.mp3</uri>
</mp3>

<mp3>
	<name>52-Tûr Sûresi_سورة الطور</name>
	<icon>quran.png</icon>
	<type>rtsp:4097:512</type>
	<uri> 052.mp3</uri>
</mp3>

<mp3>
	<name>53-Necm Sûresi_سورة النجم</name>
	<icon>quran.png</icon>
	<type>rtsp:4097:512</type>
	<uri> 053.mp3</uri>
</mp3>

<mp3>
	<name>54-Kamer Suresi_سورة القمر</name>
	<icon>quran.png</icon>
	<type>rtsp:4097:512</type>
	<uri> 054.mp3</uri>
</mp3>

<mp3>
	<name>55-Rahman Suresi_سورة الرحمن</name>
	<icon>quran.png</icon>
	<type>rtsp:4097:512</type>
	<uri> 055.mp3</uri>
</mp3>

<mp3>
	<name>56-Vakı'a Suresi_سورة الواقعة</name>
	<icon>quran.png</icon>
	<type>rtsp:4097:512</type>
	<uri> 056.mp3</uri>
</mp3>

<mp3>
	<name>57-Hadîd Sûresi_سورة الحديد</name>
	<icon>quran.png</icon>
	<type>rtsp:4097:512</type>
	<uri> 057.mp3</uri>
</mp3>

<mp3>
	<name>58-Mücâdele Suresi_سورة المجادلة</name>
	<icon>quran.png</icon>
	<type>rtsp:4097:512</type>
	<uri> 058.mp3</uri>
</mp3>

<mp3>
	<name>59- Haşr Sûresi_سورة الحشر</name>
	<icon>quran.png</icon>
	<type>rtsp:4097:512</type>
	<uri> 059.mp3</uri>
</mp3>

<mp3>
	<name>60-Mümtehine Suresi_سورة الممتحنة</name>
	<icon>quran.png</icon>
	<type>rtsp:4097:512</type>
	<uri> 060.mp3</uri>
</mp3>

<mp3>
	<name>61-Saff Suresi_سورة الصف</name>
	<icon>quran.png</icon>
	<type>rtsp:4097:512</type>
	<uri> 061.mp3</uri>
</mp3>

<mp3>
	<name>62-Cum'a Suresi_سورة الجمعة</name>
	<icon>quran.png</icon>
	<type>rtsp:4097:512</type>
	<uri> 062.mp3</uri>
</mp3>

<mp3>
	<name>63-MÜNAFİKUN Suresi_سورة المنافقون</name>
	<icon>quran.png</icon>
	<type>rtsp:4097:512</type>
	<uri> 063.mp3</uri>
</mp3>

<mp3>
	<name>64-Tegâbün Sûresi_سورة التغابن</name>
	<icon>quran.png</icon>
	<type>rtsp:4097:512</type>
	<uri> 064.mp3</uri>
</mp3>

<mp3>
	<name>65-Talâk Sûresi_سورة الطلاق</name>
	<icon>quran.png</icon>
	<type>rtsp:4097:512</type>
	<uri> 065.mp3</uri>
</mp3>

<mp3>
	<name>66-Tahrim Suresi_سورة التحريم</name>
	<icon>quran.png</icon>
	<type>rtsp:4097:512</type>
	<uri> 066.mp3</uri>
</mp3>

<mp3>
	<name>67-Mülk Suresi_سورة الملك</name>
	<icon>quran.png</icon>
	<type>rtsp:4097:512</type>
	<uri> 067.mp3</uri>
</mp3>

<mp3>
	<name>68-Kalem Suresi_سورة القلم</name>
	<icon>quran.png</icon>
	<type>rtsp:4097:512</type>
	<uri> 068.mp3</uri>
</mp3>

<mp3>
	<name>69-Hâkka Sûresi_سورة الحاقة</name>
	<icon>quran.png</icon>
	<type>rtsp:4097:512</type>
	<uri> 069.mp3</uri>
</mp3>

<mp3>
	<name>70-Me'aric Suresi_سورة المعارج</name>
	<icon>quran.png</icon>
	<type>rtsp:4097:512</type>
	<uri> 070.mp3</uri>
</mp3>

<mp3>
	<name>71-Nuh Sûresi_سورة نوح</name>
	<icon>quran.png</icon>
	<type>rtsp:4097:512</type>
	<uri> 071.mp3</uri>
</mp3>

<mp3>
	<name>72-Cin Suresi_سورة الجن</name>
	<icon>quran.png</icon>
	<type>rtsp:4097:512</type>
	<uri> 072.mp3</uri>
</mp3>

<mp3>
	<name>73-Müzzemmil Suresi_سورة المزمل</name>
	<icon>quran.png</icon>
	<type>rtsp:4097:512</type>
	<uri> 073.mp3</uri>
</mp3>

<mp3>
	<name>74-Müddessir Sûresi_سورة المدثر</name>
	<icon>quran.png</icon>
	<type>rtsp:4097:512</type>
	<uri> 074.mp3</uri>
</mp3>

<mp3>
	<name>75-Kıyame Suresi_سورة القيامة</name>
	<icon>quran.png</icon>
	<type>rtsp:4097:512</type>
	<uri> 075.mp3</uri>
</mp3>

<mp3>
	<name>76-Insan suresi_سورة الإنسان</name>
	<icon>quran.png</icon>
	<type>rtsp:4097:512</type>
	<uri> 076.mp3</uri>
</mp3>

<mp3>
	<name>77-Mürselat Suresi_سورة المرسلات</name>
	<icon>quran.png</icon>
	<type>rtsp:4097:512</type>
	<uri> 077.mp3</uri>
</mp3>

<mp3>
	<name>78-Nebe' Suresi_سورة النبأ</name>
	<icon>quran.png</icon>
	<type>rtsp:4097:512</type>
	<uri> 078.mp3</uri>
</mp3>

<mp3>
	<name>79-Nazi'at Suresi_سورة النازعات</name>
	<icon>quran.png</icon>
	<type>rtsp:4097:512</type>
	<uri> 079.mp3</uri>
</mp3>

<mp3>
	<name>80-Abese Suresi_سورة عبس</name>
	<icon>quran.png</icon>
	<type>rtsp:4097:512</type>
	<uri> 080.mp3</uri>
</mp3>

<mp3>
	<name>81-Tekvir Suresi_سورة التكوير</name>
	<icon>quran.png</icon>
	<type>rtsp:4097:512</type>
	<uri> 081.mp3</uri>
</mp3>

<mp3>
	<name>82-İnfitar Suresi_سورة الإنفطار</name>
	<icon>quran.png</icon>
	<type>rtsp:4097:512</type>
	<uri> 082.mp3</uri>
</mp3>

<mp3>
	<name>83-Mutaffifîn Sûresi_سورة المطففين</name>
	<icon>quran.png</icon>
	<type>rtsp:4097:512</type>
	<uri> 083.mp3</uri>
</mp3>

<mp3>
	<name>84-İnşikâk Suresi_سورة الإنشقاق</name>
	<icon>quran.png</icon>
	<type>rtsp:4097:512</type>
	<uri> 084.mp3</uri>
</mp3>

<mp3>
	<name>85-Burûc Sûresi_سورة البروج</name>
	<icon>quran.png</icon>
	<type>rtsp:4097:512</type>
	<uri> 085.mp3</uri>
</mp3>

<mp3>
	<name>86-Târık Sûresi_سورة الطارق</name>
	<icon>quran.png</icon>
	<type>rtsp:4097:512</type>
	<uri> 086.mp3</uri>
</mp3>

<mp3>
	<name>87-A'la Suresi_سورة الاعلى</name>
	<icon>quran.png</icon>
	<type>rtsp:4097:512</type>
	<uri> 087.mp3</uri>
</mp3>

<mp3>
	<name>88-GÂŞİYE Suresi_سورة الغاشية</name>
	<icon>quran.png</icon>
	<type>rtsp:4097:512</type>
	<uri> 088.mp3</uri>
</mp3>

<mp3>
	<name>89-Fecr Sûresi_سورة الفجر</name>
	<icon>quran.png</icon>
	<type>rtsp:4097:512</type>
	<uri> 089.mp3</uri>
</mp3>

<mp3>
	<name>90-Beled Suresi_سورة البلد</name>
	<icon>quran.png</icon>
	<type>rtsp:4097:512</type>
	<uri> 090.mp3</uri>
</mp3>

<mp3>
	<name>91-Şems Sûresi_سورة الشمس</name>
	<icon>quran.png</icon>
	<type>rtsp:4097:512</type>
	<uri> 091.mp3</uri>
</mp3>

<mp3>
	<name>92-Leyl Suresi_سورة الليل</name>
	<icon>quran.png</icon>
	<type>rtsp:4097:512</type>
	<uri> 092.mp3</uri>
</mp3>

<mp3>
	<name>93-Duhâ Sûresi_سورة الضحى</name>
	<icon>quran.png</icon>
	<type>rtsp:4097:512</type>
	<uri> 093.mp3</uri>
</mp3>

<mp3>
	<name>94-İnşirâh Sûresi_سورة الشرح</name>
	<icon>quran.png</icon>
	<type>rtsp:4097:512</type>
	<uri> 094.mp3</uri>
</mp3>

<mp3>
	<name>95-Tin Suresi_سورة التين</name>
	<icon>quran.png</icon>
	<type>rtsp:4097:512</type>
	<uri> 095.mp3</uri>
</mp3>

<mp3>
	<name>96-Alak Sûresi_سورة العلق</name>
	<icon>quran.png</icon>
	<type>rtsp:4097:512</type>
	<uri> 096.mp3</uri>
</mp3>

<mp3>
	<name>97-Kadir Sûresi_سورة القدر</name>
	<icon>quran.png</icon>
	<type>rtsp:4097:512</type>
	<uri> 097.mp3</uri>
</mp3>

<mp3>
	<name>98-BEYYİNE SÛRESİ_سورة البينة</name>
	<icon>quran.png</icon>
	<type>rtsp:4097:512</type>
	<uri> 098.mp3</uri>
</mp3>

<mp3>
	<name>99-ZİLZÂL Suresi_سورة الزلزلة</name>
	<icon>quran.png</icon>
	<type>rtsp:4097:512</type>
	<uri> 099.mp3</uri>
</mp3>

<mp3>
	<name>100-Adiyat Suresi_سورة العاديات</name>
	<icon>quran.png</icon>
	<type>rtsp:4097:512</type>
	<uri> 100.mp3</uri>
</mp3>

<mp3>
	<name>101-Kari'a Suresi_سورة القارعة</name>
	<icon>quran.png</icon>
	<type>rtsp:4097:512</type>
	<uri> 101.mp3</uri>
</mp3>

<mp3>
	<name>102-TEKÂSUR Suresi_سورة التكاثر</name>
	<icon>quran.png</icon>
	<type>rtsp:4097:512</type>
	<uri> 102.mp3</uri>
</mp3>

<mp3>
	<name>103-Asr Suresi_سورة العصر</name>
	<icon>quran.png</icon>
	<type>rtsp:4097:512</type>
	<uri> 103.mp3</uri>
</mp3>

<mp3>
	<name>104-HUMEZE Suresi_سورة الهمزة</name>
	<icon>quran.png</icon>
	<type>rtsp:4097:512</type>
	<uri> 104.mp3</uri>
</mp3>

<mp3>
	<name>105- Fîl Sûresi_سورة الفيل</name>
	<icon>quran.png</icon>
	<type>rtsp:4097:512</type>
	<uri> 105.mp3</uri>
</mp3>

<mp3>
	<name>106-KUREYŞ SURESİ_سورة قريش</name>
	<icon>quran.png</icon>
	<type>rtsp:4097:512</type>
	<uri> 106.mp3</uri>
</mp3>

<mp3>
	<name>107-Ma'un Suresi_سورة الماعون</name>
	<icon>quran.png</icon>
	<type>rtsp:4097:512</type>
	<uri> 107.mp3</uri>
</mp3>

<mp3>
	<name>108-Kevser Suresi_سورة الكوثر</name>
	<icon>quran.png</icon>
	<type>rtsp:4097:512</type>
	<uri> 108.mp3</uri>
</mp3>

<mp3>
	<name>109-Kâfirûn suresi_سورة الكافرون</name>
	<icon>quran.png</icon>
	<type>rtsp:4097:512</type>
	<uri> 109.mp3</uri>
</mp3>

<mp3>
	<name>110-Nasr Suresi_سورة النصر</name>
	<icon>quran.png</icon>
	<type>rtsp:4097:512</type>
	<uri> 110.mp3</uri>
</mp3>

<mp3>
	<name>111-Tebbet Suresi_سورة المسد</name>
	<icon>quran.png</icon>
	<type>rtsp:4097:512</type>
	<uri> 111.mp3</uri>
</mp3>

<mp3>
	<name>112-İhlas Suresi_سورة الإخلاص</name>
	<icon>quran.png</icon>
	<type>rtsp:4097:512</type>
	<uri> 112.mp3</uri>
</mp3>

<mp3>
	<name>113-Felak Suresi_سورة الفلق</name>
	<icon>quran.png</icon>
	<type>rtsp:4097:512</type>
	<uri> 113.mp3</uri>
</mp3>

<mp3>
	<name>114-Nas Suresi_سورة الناس</name>
	<icon>quran.png</icon>
	<type>rtsp:4097:512</type>
	<uri> 114.mp3</uri>
</mp3>


</stream>
